api_name,hidden,icon,icon_locked,name_english,desc_english,name_spanish,desc_spanish,name_french,desc_french,name_brazilian,desc_brazilian,name_german,desc_german,name_italian,desc_italian,name_latam,desc_latam,name_schinese,desc_schinese,name_koreana,desc_koreana,name_japanese,desc_japanese,name_russian,desc_russian,name_polish,desc_polish
first_pin,0,icons/first_pin.jpg,icons/first_pin_locked.jpg,"First pin","Answer your first question.","Primer pin","Responde tu primera pregunta.","Première épingle","Réponds à ta première question.","Primeiro pino","Responda sua primeira pergunta.","Erster Pin","Beantworte deine erste Frage.","Primo pin","Rispondi alla tua prima domanda.","Primer pin","Responde tu primera pregunta.","第一枚图钉","回答你的第一个问题。","첫 번째 핀","첫 번째 문제에 답하세요.","初めてのピン","最初の問題に答えよう。","Первая метка","Ответь на свой первый вопрос.","Pierwsza pinezka","Odpowiedz na pierwsze pytanie."
adv_start,0,icons/adv_start.jpg,icons/adv_start_locked.jpg,"Setting out","Start an Adventure.","Salir de casa","Empieza una Aventura.","En route","Commence une Aventure.","Partindo","Comece uma Aventura.","Aufbruch","Starte ein Abenteuer.","In partenza","Inizia un'Avventura.","Partiendo","Comienza una Aventura.","启程","开始一次冒险。","출발","모험을 시작하세요.","出発","アドベンチャーを始めよう。","В путь","Начни Приключение.","W drogę","Rozpocznij Przygodę."
bull_1,0,icons/bull_1.jpg,icons/bull_1_locked.jpg,"Bullseye","Land within 25 km (or inside the country).","Diana","Acierta a menos de 25 km (o dentro del país).","Dans le mille","Vise à moins de 25 km (ou dans le pays).","Na mosca","Acerte a menos de 25 km (ou dentro do país).","Volltreffer","Triff auf unter 25 km genau (oder im Land).","Centro","Pianta il pin entro 25 km (o dentro il paese).","En el blanco","Acierta a menos de 25 km (o dentro del país).","正中靶心","落点在 25 公里以内（或在该国境内）。","명중","25km 이내(또는 해당 국가 안)에 명중.","命中","25km以内（またはその国の中）に着地。","В яблочко","Попади в пределах 25 км (или внутри страны).","W dziesiątkę","Traf w promieniu 25 km (albo w granicach kraju)."
codex_10,0,icons/codex_10.jpg,icons/codex_10_locked.jpg,"First pages","10 Encyclopedia cards.","Primeras páginas","10 tarjetas en la Enciclopedia.","Premières pages","10 cartes de l'Encyclopédie.","Primeiras páginas","10 cartas da Enciclopédia.","Erste Seiten","10 Enzyklopädie-Karten.","Prime pagine","10 carte dell'Enciclopedia.","Primeras páginas","10 tarjetas de la Enciclopedia.","初页","获得 10 张百科全书卡片。","첫 페이지","도감 카드 10장.","最初のページ","図鑑カード10枚。","Первые страницы","10 карточек энциклопедии.","Pierwsze strony","10 kart Encyklopedii."
adv_clear1,0,icons/adv_clear1.jpg,icons/adv_clear1_locked.jpg,"First camp","Clear an Adventure round.","Primer campamento","Supera una ronda de la Aventura.","Premier campement","Réussis une manche de l'Aventure.","Primeiro Acampamento","Supere uma rodada da Aventura.","Erstes Lager","Schaffe eine Abenteuer-Runde.","Primo accampamento","Supera un round dell'Avventura.","Primer campamento","Supera una ronda de Aventura.","第一个营地","通过一个冒险回合。","첫 번째 캠프","모험 라운드를 클리어하세요.","最初のキャンプ","アドベンチャーラウンドをクリアしよう。","Первый лагерь","Пройди раунд Приключения.","Pierwszy obóz","Zalicz rundę Przygody."
adv_blind,0,icons/adv_blind.jpg,icons/adv_blind_locked.jpg,"Blindfolded","Clear a round without using tools.","A ciegas","Supera una ronda sin usar herramientas.","Les yeux bandés","Réussis une manche sans utiliser d'outils.","De olhos vendados","Supere uma rodada sem usar ferramentas.","Blind","Schaffe eine Runde ohne Werkzeuge.","A occhi bendati","Supera un round senza usare strumenti.","Con los ojos vendados","Supera una ronda sin usar herramientas.","蒙眼挑战","不使用工具通过一个回合。","눈을 가리고","도구를 사용하지 않고 라운드를 클리어하세요.","目隠しで","道具を使わずにラウンドをクリアしよう。","С завязанными глазами","Пройди раунд без инструментов.","Z zawiązanymi oczami","Zalicz rundę bez używania narzędzi."
streak_5,0,icons/streak_5.jpg,icons/streak_5_locked.jpg,"On a roll","5-hit streak.","En racha","Racha de 5 aciertos.","Sur ta lancée","Série de 5 réussites.","Embalado","Sequência de 5 acertos.","In Fahrt","Serie von 5 Treffern.","Che serie!","Serie di 5 colpi.","En racha","Racha de 5 aciertos.","势如破竹","连续命中 5 次。","연승 중","5연속 명중.","絶好調","5連続ヒット。","В ударе","Серия из 5 попаданий.","Idzie jak z płatka","Seria 5 trafień."
speed,0,icons/speed.jpg,icons/speed_locked.jpg,"Lightning","Nail it in under 2 seconds.","Relámpago","Acierta bien en menos de 2 segundos.","Éclair","Réussis en moins de 2 secondes.","Relâmpago","Acerte em menos de 2 segundos.","Blitz","Triff in unter 2 Sekunden.","Fulmine","Centra in meno di 2 secondi.","Relámpago","Acierta bien en menos de 2 segundos.","闪电","在 2 秒内命中。","번개","2초 이내에 명중하세요.","稲妻","2秒以内に命中させよう。","Молния","Попади менее чем за 2 секунды.","Błyskawica","Traf w mniej niż 2 sekundy."
codex_50,0,icons/codex_50.jpg,icons/codex_50_locked.jpg,"Bookworm","Collect 50 Encyclopedia cards.","Rata de biblioteca","Consigue 50 tarjetas de la Enciclopedia.","Rat de bibliothèque","Obtiens 50 cartes de l'Encyclopédie.","Rato de biblioteca","Consiga 50 cartas da Enciclopédia.","Bücherwurm","Sammle 50 Enzyklopädie-Karten.","Topo di biblioteca","Ottieni 50 carte dell'Enciclopedia.","Ratón de biblioteca","Consigue 50 tarjetas de la Enciclopedia.","书虫","获得 50 张百科全书卡片。","책벌레","도감 카드 50장 모으기.","本の虫","図鑑カードを50枚集める。","Книжный червь","Собери 50 карточек энциклопедии.","Mól książkowy","Zdobądź 50 kart Encyklopedii."
adv_bribe,0,icons/adv_bribe.jpg,icons/adv_bribe_locked.jpg,"Under the table","Bribe the dealer to remove a challenge.","Bajo la mesa","Soborna al crupier para quitar un reto.","Sous la table","Soudoie le croupier pour retirer un défi.","Por baixo da mesa","Suborne o crupiê para tirar um desafio.","Unter dem Tisch","Besteche den Croupier, damit er eine Herausforderung streicht.","Sottobanco","Corrompi il croupier per togliere una sfida.","Bajo la mesa","Soborna al crupier para quitar un reto.","桌下交易","贿赂荷官，撤掉一个挑战。","테이블 밑 거래","딜러를 매수해 도전 하나를 없애세요.","テーブルの下で","ディーラーを買収してチャレンジを1つ消そう。","Из-под полы","Подкупи крупье, чтобы убрать испытание.","Pod stołem","Przekup krupiera, żeby usunąć wyzwanie."
perfect,0,icons/perfect.jpg,icons/perfect_locked.jpg,"Perfect round","Nail every question in a Classic level.","Ronda perfecta","Acierta bien todas las preguntas de un nivel del Clásico.","Manche parfaite","Réussis toutes les questions d'un niveau du mode Classique.","Rodada perfeita","Acerte todas as perguntas de um nível do Clássico.","Perfekte Runde","Triff jede Frage eines Levels im Klassik-Modus.","Round perfetto","Centra tutte le domande di un livello del Classico.","Ronda perfecta","Acierta bien todas las preguntas de un nivel del Clásico.","完美回合","在经典模式的一个关卡中命中每一道题。","완벽한 라운드","클래식 한 레벨의 모든 문제를 정확히 맞히세요.","パーフェクトラウンド","クラシックの1レベルで全問を的中させよう。","Идеальный раунд","Точно ответь на все вопросы одного уровня «Классики».","Idealna runda","Traf wszystkie pytania na jednym poziomie trybu Klasycznego."
km_equator,0,icons/km_equator.jpg,icons/km_equator_locked.jpg,"Equatorial blunder","Rack up 40,075 km of total error: one full lap of the Earth.","Despiste ecuatorial","Acumula 40.075 km de error: una vuelta entera al mundo.","Bévue équatoriale","Cumule 40 075 km d'erreur : un tour complet de la Terre.","Gafe equatorial","Acumule 40.075 km de erro: uma volta inteira ao mundo.","Äquator-Patzer","Sammle insgesamt 40.075 km Abweichung: einmal um die ganze Erde.","Svista equatoriale","Accumula 40.075 km di errore: un giro completo della Terra.","Despiste ecuatorial","Acumula 40.075 km de error: una vuelta entera al mundo.","赤道级失误","累计误差达到 40,075 公里：正好绕地球一整圈。","적도급 실수","누적 오차 40,075km: 지구를 한 바퀴 돈 셈입니다.","赤道級のうっかり","誤差の合計が40,075km：ちょうど地球一周分。","Экваториальный промах","Набери 40 075 км ошибки — целый оборот вокруг Земли.","Równikowa gafa","Nazbieraj 40 075 km błędu: pełne okrążenie Ziemi."
adv_boss,0,icons/adv_boss.jpg,icons/adv_boss_locked.jpg,"Boss slayer","Defeat a boss.","Cazajefes","Derrota a un jefe.","Tueur de boss","Vaincs un boss.","Caçador de chefes","Derrote um chefe.","Bossbezwinger","Besiege einen Boss.","Ammazzaboss","Sconfiggi un boss.","Cazador de jefes","Derrota a un jefe.","首领终结者","击败一个首领。","보스 사냥꾼","보스를 처치하세요.","ボススレイヤー","ボスを倒そう。","Убийца боссов","Победи босса.","Pogromca bossów","Pokonaj bossa."
adv_act1,0,icons/adv_act1.jpg,icons/adv_act1_locked.jpg,"The known roads","Complete Act I.","Las rutas conocidas","Completa el Acto I.","Les routes connues","Termine l'Acte I.","As rotas conhecidas","Complete o Ato I.","Die bekannten Wege","Schließe Akt I ab.","Le strade conosciute","Completa l'Atto I.","Las rutas conocidas","Completa el Acto I.","已知的道路","完成第一幕。","알려진 길","1막을 완료하세요.","既知の道","第1幕を完了しよう。","Знакомые дороги","Заверши Акт I.","Znane szlaki","Ukończ Akt I."
codex_100,0,icons/codex_100.jpg,icons/codex_100_locked.jpg,"Scholar","Collect 100 Encyclopedia cards.","Erudito","Consigue 100 tarjetas de la Enciclopedia.","Érudit","Obtiens 100 cartes de l'Encyclopédie.","Erudito","Consiga 100 cartas da Enciclopédia.","Gelehrter","Sammle 100 Enzyklopädie-Karten.","Erudito","Ottieni 100 carte dell'Enciclopedia.","Erudito","Consigue 100 tarjetas de la Enciclopedia.","学者","获得 100 张百科全书卡片。","학자","도감 카드 100장 모으기.","学者","図鑑カードを100枚集める。","Учёный","Собери 100 карточек энциклопедии.","Uczony","Zdobądź 100 kart Encyklopedii."
streak_10,0,icons/streak_10.jpg,icons/streak_10_locked.jpg,"Unstoppable","10-hit streak.","Imparable","Racha de 10 aciertos.","Inarrêtable","Série de 10 réussites.","Imparável","Sequência de 10 acertos.","Unaufhaltsam","Serie von 10 Treffern.","Inarrestabile","Serie di 10 colpi.","Imparable","Racha de 10 aciertos.","势不可挡","连续命中 10 次。","거침없이","10연속 명중.","もう止まらない","10連続ヒット。","Неудержимый","Серия из 10 попаданий.","Nie do zatrzymania","Seria 10 trafień."
daily_1,0,icons/daily_1.jpg,icons/daily_1_locked.jpg,"Daily challenge","Play the Daily challenge.","Reto del día","Juega el Reto diario.","Défi quotidien","Joue le Défi quotidien.","Desafio diário","Jogue o Desafio diário.","Tages­heraus­forderung","Spiele die Tagesherausforderung.","Sfida giornaliera","Gioca la sfida giornaliera.","Reto diario","Juega el Reto diario.","每日挑战","玩一次每日挑战。","일일 도전","일일 도전을 플레이하세요.","デイリーチャレンジ","デイリーチャレンジをプレイしよう。","Испытание дня","Сыграй в Испытание дня.","Wyzwanie dnia","Zagraj w Wyzwanie dnia."
classic_world,0,icons/classic_world.jpg,icons/classic_world_locked.jpg,"Round the world","Finish the World campaign.","Vuelta al mundo","Termina la campaña Mundo.","Le tour du monde","Termine la campagne Monde.","Volta ao mundo","Termine a campanha Mundo.","Einmal um die Welt","Beende die Kampagne Welt.","Il giro del mondo","Termina la campagna Mondo.","Vuelta al mundo","Termina la campaña Mundo.","环游世界","完成“世界”战役。","세계 일주","세계 캠페인을 완료하세요.","世界一周","「世界」キャンペーンを完了しよう。","Вокруг света","Заверши кампанию «Мир».","Dookoła świata","Ukończ kampanię Świat."
casino_first,0,icons/casino_first.jpg,icons/casino_first_locked.jpg,"Pull up a chair","Play your first casino game.","A la mesa","Juega tu primer juego del casino.","Prends place","Joue ton premier jeu du casino.","Puxe uma cadeira","Jogue seu primeiro jogo do cassino.","Nimm Platz","Spiel dein erstes Casino-Spiel.","Accomodati","Gioca il tuo primo gioco del casinò.","A la mesa","Juega tu primer juego del casino.","入座","玩第一个赌场游戏。","자리에 앉아","카지노 게임을 처음으로 플레이하세요.","テーブルへようこそ","カジノのゲームを初めて遊ぼう。","Присаживайся","Сыграй в первую игру казино.","Siadaj do stołu","Zagraj w swoją pierwszą grę w kasynie."
last_second,0,icons/last_second.jpg,icons/last_second_locked.jpg,"By a whisker","Nail it with under 1 second left.","Por los pelos","Acierta bien con menos de 1 segundo restante.","De justesse","Réussis alors qu'il reste moins d'une seconde.","Por um triz","Acerte com menos de 1 segundo restante.","Um Haaresbreite","Triff mit weniger als 1 Sekunde übrig.","Per un soffio","Centra quando manca meno di 1 secondo.","Por un pelo","Acierta bien con menos de 1 segundo restante.","千钧一发","在剩余不到 1 秒时命中。","간발의 차로","남은 시간 1초 미만에 명중하세요.","紙一重で","残り1秒未満で命中させよう。","На волоске","Попади, когда осталось меньше 1 секунды.","O włos","Traf, gdy zostaje mniej niż sekunda."
codex_place,0,icons/codex_place.jpg,icons/codex_place_locked.jpg,"Hidden corners","20 landmarks in the Encyclopedia.","Rincones perdidos","20 monumentos en la Enciclopedia.","Coins perdus","20 monuments dans l'Encyclopédie.","Cantos escondidos","20 monumentos na Enciclopédia.","Versteckte Winkel","20 Wahrzeichen in der Enzyklopädie.","Angoli nascosti","20 monumenti nell'Enciclopedia.","Rincones perdidos","20 monumentos en la Enciclopedia.","隐秘角落","百科全书中收录 20 个地标。","숨겨진 구석","도감에 명소 20곳.","秘境めぐり","図鑑に名所を20件。","Затерянные уголки","20 достопримечательностей в энциклопедии.","Zakamarki świata","20 zabytków w Encyklopedii."
codex_capitals,0,icons/codex_capitals.jpg,icons/codex_capitals_locked.jpg,"Diplomat","Collect 40 capitals in the Encyclopedia.","Diplomático","Consigue 40 capitales en la Enciclopedia.","Diplomate","Obtiens 40 capitales dans l'Encyclopédie.","Diplomata","Consiga 40 capitais na Enciclopédia.","Diplomat","Sammle 40 Hauptstädte in der Enzyklopädie.","Diplomatico","Ottieni 40 capitali nell'Enciclopedia.","Diplomático","Consigue 40 capitales en la Enciclopedia.","外交官","在百科全书中收集 40 座首都。","외교관","도감에 수도 40개 모으기.","外交官","図鑑に首都を40か所集める。","Дипломат","Собери 40 столиц в энциклопедии.","Dyplomata","Zdobądź 40 stolic w Encyklopedii."
codex_water,0,icons/codex_water.jpg,icons/codex_water_locked.jpg,"Calm waters","Collect 15 seas or oceans in the Encyclopedia.","Aguas tranquilas","Consigue 15 mares u océanos en la Enciclopedia.","Eaux calmes","Obtiens 15 mers ou océans dans l'Encyclopédie.","Águas calmas","Consiga 15 mares ou oceanos na Enciclopédia.","Ruhige Gewässer","Sammle 15 Meere oder Ozeane in der Enzyklopädie.","Acque calme","Ottieni 15 mari od oceani nell'Enciclopedia.","Aguas tranquilas","Consigue 15 mares u océanos en la Enciclopedia.","风平浪静","在百科全书中收集 15 片海洋。","잔잔한 물결","도감에 바다 또는 대양 15곳 모으기.","穏やかな水面","図鑑に海・大洋を15件集める。","Тихие воды","Собери 15 морей или океанов в энциклопедии.","Spokojne wody","Zdobądź 15 mórz lub oceanów w Encyklopedii."
codex_nature,0,icons/codex_nature.jpg,icons/codex_nature_locked.jpg,"Naturalist","30 nature entries in the Encyclopedia.","Naturalista","30 lugares de naturaleza en la Enciclopedia.","Naturaliste","30 lieux naturels dans l'Encyclopédie.","Naturalista","30 lugares de natureza na Enciclopédia.","Naturforscher","30 Naturorte in der Enzyklopädie.","Naturalista","30 luoghi naturali nell'Enciclopedia.","Naturalista","30 lugares de naturaleza en la Enciclopedia.","博物学家","百科全书中收录 30 个自然景观。","자연주의자","도감에 자연 장소 30곳.","ナチュラリスト","図鑑に自然の場所を30件。","Натуралист","30 природных мест в энциклопедии.","Przyrodnik","30 miejsc przyrodniczych w Encyklopedii."
codex_people,0,icons/codex_people.jpg,icons/codex_people_locked.jpg,"Historian","Collect 25 historical figures in the Encyclopedia.","Historiador","Consigue 25 personajes históricos en la Enciclopedia.","Historien","Obtiens 25 personnages historiques dans l'Encyclopédie.","Historiador","Consiga 25 personagens históricos na Enciclopédia.","Historiker","Sammle 25 historische Persönlichkeiten in der Enzyklopädie.","Storico","Ottieni 25 personaggi storici nell'Enciclopedia.","Historiador","Consigue 25 personajes históricos en la Enciclopedia.","历史学家","在百科全书中收集 25 位历史人物。","역사가","도감에 역사적 인물 25명 모으기.","歴史家","図鑑に歴史上の人物を25人集める。","Историк","Собери 25 исторических личностей в энциклопедии.","Historyk","Zdobądź 25 postaci historycznych w Encyklopedii."
codex_events,0,icons/codex_events.jpg,icons/codex_events_locked.jpg,"Chronicler","Collect 20 battles and events in the Encyclopedia.","Cronista","Consigue 20 batallas y sucesos en la Enciclopedia.","Chroniqueur","Obtiens 20 batailles et événements dans l'Encyclopédie.","Cronista","Consiga 20 batalhas e eventos na Enciclopédia.","Chronist","Sammle 20 Schlachten und Ereignisse in der Enzyklopädie.","Cronista","Ottieni 20 battaglie ed eventi nell'Enciclopedia.","Cronista","Consigue 20 batallas y sucesos en la Enciclopedia.","编年史家","在百科全书中收集 20 场战役与事件。","연대기 작가","도감에 전투와 사건 20개 모으기.","年代記作者","図鑑に戦いと出来事を20件集める。","Летописец","Собери 20 битв и событий в энциклопедии.","Kronikarz","Zdobądź 20 bitew i wydarzeń w Encyklopedii."
bull_25,0,icons/bull_25.jpg,icons/bull_25_locked.jpg,"Surgeon's aim","25 bullseyes in total.","Pulso de cirujano","25 dianas en total.","Main de chirurgien","Mets dans le mille 25 fois au total.","Pulso de cirurgião","25 tiros na mosca no total.","Chirurgenhand","25 Volltreffer insgesamt.","Mano da chirurgo","25 centri in totale.","Puntería de cirujano","25 blancos perfectos en total.","外科医生的准头","累计正中靶心 25 次。","외과의의 조준","총 25번 명중.","外科医の狙い","合計25回命中。","Точность хирурга","Всего 25 яблочек.","Ręka chirurga","Łącznie 25 dziesiątek."
adv_flawless,0,icons/adv_flawless.jpg,icons/adv_flawless_locked.jpg,"Not a scratch","Complete an act without losing a provision.","Sin un rasguño","Completa un acto sin perder provisiones.","Pas une égratignure","Termine un acte sans perdre de provision.","Sem um arranhão","Complete um ato sem perder uma provisão.","Kein Kratzer","Schließe einen Akt ab, ohne einen Proviant zu verlieren.","Nemmeno un graffio","Completa un atto senza perdere una provvista.","Sin un rasguño","Completa un acto sin perder una provisión.","毫发无伤","完成一幕而不损失任何补给。","흠집 하나 없이","식량을 잃지 않고 한 막을 완료하세요.","無傷","食料を失わずに1幕を完了しよう。","Ни царапины","Заверши акт, не потеряв ни одного запаса.","Ani draśnięcia","Ukończ akt, nie tracąc żadnego zapasu."
codex_country50,0,icons/codex_country50.jpg,icons/codex_country50_locked.jpg,"Globetrotter","50 countries in the Encyclopedia.","Trotamundos","50 países en la Enciclopedia.","Globe-trotteur","50 pays dans l'Encyclopédie.","Viajante do mundo","50 países na Enciclopédia.","Weltenbummler","50 Länder in der Enzyklopädie.","Giramondo","50 paesi nell'Enciclopedia.","Trotamundos","50 países en la Enciclopedia.","环球旅行者","百科全书中收录 50 个国家。","세계 여행자","도감에 국가 50개.","世界を股にかける人","図鑑に国を50件。","Глобтроттер","50 стран в энциклопедии.","Obieżyświat","50 krajów w Encyklopedii."
codex_250,0,icons/codex_250.jpg,icons/codex_250_locked.jpg,"Professor","Collect 250 Encyclopedia cards.","Catedrático","Consigue 250 tarjetas de la Enciclopedia.","Professeur","Obtiens 250 cartes de l'Encyclopédie.","Professor","Consiga 250 cartas da Enciclopédia.","Professor","Sammle 250 Enzyklopädie-Karten.","Professore","Ottieni 250 carte dell'Enciclopedia.","Profesor","Consigue 250 tarjetas de la Enciclopedia.","教授","获得 250 张百科全书卡片。","교수","도감 카드 250장 모으기.","教授","図鑑カードを250枚集める。","Профессор","Собери 250 карточек энциклопедии.","Profesor","Zdobądź 250 kart Encyklopedii."
classic_capitals,0,icons/classic_capitals.jpg,icons/classic_capitals_locked.jpg,"Capital tour","Finish World Capitals.","Gira de capitales","Termina Capitales del mundo.","Tournée des capitales","Termine la campagne Capitales du monde.","Roteiro de capitais","Termine Capitais do mundo.","Hauptstadt-Tour","Beende Hauptstädte der Welt.","Giro delle capitali","Termina Capitali del mondo.","Gira de capitales","Termina Capitales del mundo.","首都之旅","完成“世界首都”。","수도 순례","세계의 수도를 완료하세요.","首都めぐり","「世界の首都」を完了しよう。","Тур по столицам","Заверши «Столицы мира».","Objazd stolic","Ukończ Stolice świata."
classic_europe,0,icons/classic_europe.jpg,icons/classic_europe_locked.jpg,"Grand Tour","Finish Europe.","Grand Tour","Termina Europa.","Grand Tour","Termine la campagne Europe.","Grand Tour","Termine Europa.","Grand Tour","Beende Europa.","Grand Tour","Termina Europa.","Grand Tour","Termina Europa.","欧洲壮游","完成“欧洲”。","그랜드 투어","유럽을 완료하세요.","グランドツアー","「ヨーロッパ」を完了しよう。","Гранд-тур","Заверши «Европу».","Grand Tour","Ukończ Europę."
classic_latam,0,icons/classic_latam.jpg,icons/classic_latam_locked.jpg,"Latin spirit","Finish Latin America.","Tierra latina","Termina Latinoamérica.","Esprit latin","Termine la campagne Amérique latine.","Espírito latino","Termine América Latina.","Latino-Seele","Beende Lateinamerika.","Spirito latino","Termina America Latina.","Tierra latina","Termina Latinoamérica.","拉丁风情","完成“拉丁美洲”。","라틴의 혼","라틴 아메리카를 완료하세요.","ラテンの魂","「ラテンアメリカ」を完了しよう。","Латинский дух","Заверши «Латинскую Америку».","Latynoski duch","Ukończ Amerykę Łacińską."
classic_usa,0,icons/classic_usa.jpg,icons/classic_usa_locked.jpg,"American dream","Finish North America.","Sueño americano","Termina Norteamérica.","Rêve américain","Termine la campagne Amérique du Nord.","Sonho americano","Termine América do Norte.","Amerikanischer Traum","Beende Nordamerika.","Sogno americano","Termina Nord America.","Sueño americano","Termina Norteamérica.","美国梦","完成“北美洲”。","아메리칸 드림","북아메리카를 완료하세요.","アメリカンドリーム","「北アメリカ」を完了しよう。","Американская мечта","Заверши «Северную Америку».","Amerykański sen","Ukończ Amerykę Północną."
classic_asia,0,icons/classic_asia.jpg,icons/classic_asia_locked.jpg,"Silk road","Finish Asia.","Ruta de la seda","Termina Asia.","Route de la soie","Termine la campagne Asie.","Rota da seda","Termine Ásia.","Seidenstraße","Beende Asien.","Via della seta","Termina Asia.","Ruta de la seda","Termina Asia.","丝绸之路","完成“亚洲”。","실크로드","아시아를 완료하세요.","シルクロード","「アジア」を完了しよう。","Шёлковый путь","Заверши «Азию».","Jedwabny szlak","Ukończ Azję."
classic_oceania,0,icons/classic_oceania.jpg,icons/classic_oceania_locked.jpg,"Down under","Finish Oceania.","Al fin del mundo","Termina Oceanía.","Aux antipodes","Termine la campagne Océanie.","Nos antípodas","Termine Oceania.","Down Under","Beende Ozeanien.","Agli antipodi","Termina Oceania.","Al fin del mundo","Termina Oceanía.","南半球之旅","完成“大洋洲”。","다운 언더","오세아니아를 완료하세요.","ダウンアンダー","「オセアニア」を完了しよう。","На краю света","Заверши «Океанию».","Na antypodach","Ukończ Oceanię."
adv_act2,0,icons/adv_act2.jpg,icons/adv_act2_locked.jpg,"Beyond the map","Complete Act II.","Más allá del mapa","Completa el Acto II.","Au-delà de la carte","Termine l'Acte II.","Além do mapa","Complete o Ato II.","Jenseits der Karte","Schließe Akt II ab.","Oltre la mappa","Completa l'Atto II.","Más allá del mapa","Completa el Acto II.","地图之外","完成第二幕。","지도 너머","2막을 완료하세요.","地図の向こう側","第2幕を完了しよう。","За пределами карты","Заверши Акт II.","Poza mapą","Ukończ Akt II."
adv_lastlife,0,icons/adv_lastlife.jpg,icons/adv_lastlife_locked.jpg,"On the edge","Defeat a boss with a single provision left.","Al filo","Derrota a un jefe con una sola provisión.","Sur le fil","Vaincs un boss avec une seule provision restante.","No limite","Derrote um chefe com só uma provisão restante.","Auf Messers Schneide","Besiege einen Boss mit nur noch einem Proviant.","Sul filo del rasoio","Sconfiggi un boss con una sola provvista rimasta.","Al filo","Derrota a un jefe con una sola provisión.","绝境求生","仅剩 1 份补给时击败一个首领。","벼랑 끝에서","식량이 하나만 남은 상태로 보스를 처치하세요.","崖っぷち","食料が残り1つでボスを倒そう。","На грани","Победи босса, когда остался всего один запас.","Na krawędzi","Pokonaj bossa, mając tylko jeden zapas."
classic_clean,0,icons/classic_clean.jpg,icons/classic_clean_locked.jpg,"No safety net","Finish a Classic campaign from level 1 without failing a single level.","Sin red","Termina una campaña del Clásico desde el nivel 1 sin fallar ninguno.","Sans filet","Termine une campagne du Classique depuis le niveau 1 sans rater un seul niveau.","Sem rede","Termine uma campanha do Clássico desde o nível 1 sem falhar nenhum nível.","Ohne Netz","Beende eine Klassik-Kampagne ab Level 1, ohne ein einziges Level zu verpatzen.","Senza rete","Termina una campagna del Classico dal livello 1 senza fallire nessun livello.","Sin red","Termina una campaña del Clásico desde el nivel 1 sin fallar ninguno.","没有安全网","从第 1 关开始完成一场经典战役，且一关都不失败。","안전망 없이","1레벨부터 한 번도 실패하지 않고 클래식 캠페인을 완료하세요.","命綱なし","レベル1から一度も失敗せずにクラシックのキャンペーンを完了しよう。","Без страховки","Пройди кампанию классики с 1-го уровня, не провалив ни одного.","Bez siatki","Ukończ kampanię Klasyczną od poziomu 1 bez oblania żadnego poziomu."
adv_boss5,0,icons/adv_boss5.jpg,icons/adv_boss5_locked.jpg,"Bounty hunter","Defeat 5 bosses in total.","Cazarrecompensas","Derrota a 5 jefes en total.","Chasseur de primes","Vaincs 5 boss au total.","Caçador de recompensas","Derrote 5 chefes no total.","Kopfgeldjäger","Besiege insgesamt 5 Bosse.","Cacciatore di taglie","Sconfiggi 5 boss in totale.","Cazarrecompensas","Derrota a 5 jefes en total.","赏金猎人","累计击败 5 个首领。","현상금 사냥꾼","보스를 총 5번 처치하세요.","賞金稼ぎ","ボスを合計5体倒そう。","Охотник за головами","Победи 5 боссов в сумме.","Łowca nagród","Pokonaj łącznie 5 bossów."
codex_city,0,icons/codex_city.jpg,icons/codex_city_locked.jpg,"World traveler","Collect 100 cities in the Encyclopedia.","Turista empedernido","Consigue 100 ciudades en la Enciclopedia.","Globe-trotteur invétéré","Obtiens 100 villes dans l'Encyclopédie.","Viajante incansável","Consiga 100 cidades na Enciclopédia.","Unermüdlicher Reisender","Sammle 100 Städte in der Enzyklopädie.","Viaggiatore incallito","Ottieni 100 città nell'Enciclopedia.","Turista empedernido","Consigue 100 ciudades en la Enciclopedia.","旅行狂人","在百科全书中收集 100 座城市。","지칠 줄 모르는 여행자","도감에 도시 100곳 모으기.","筋金入りの旅人","図鑑に都市を100件集める。","Заядлый путешественник","Собери 100 городов в энциклопедии.","Zapalony podróżnik","Zdobądź 100 miast w Encyklopedii."
codex_curio,0,icons/codex_curio.jpg,icons/codex_curio_locked.jpg,"Trivia buff","Collect 100 curiosities in the Encyclopedia.","Culturilla general","Consigue 100 curiosidades en la Enciclopedia.","Incollable","Obtiens 100 curiosités dans l'Encyclopédie.","Craque em curiosidades","Consiga 100 curiosidades na Enciclopédia.","Wissensnerd","Sammle 100 Kuriositäten in der Enzyklopädie.","Mago delle curiosità","Ottieni 100 curiosità nell'Enciclopedia.","Cultura general","Consigue 100 curiosidades en la Enciclopedia.","冷知识达人","在百科全书中收集 100 条趣闻。","잡학 박사","도감에 흥미로운 사실 100개 모으기.","雑学マニア","図鑑に豆知識を100件集める。","Знаток фактов","Собери 100 любопытных фактов в энциклопедии.","Mistrz ciekawostek","Zdobądź 100 ciekawostek w Encyklopedii."
pixel,0,icons/pixel.jpg,icons/pixel_locked.jpg,"To the millimeter","Land within 5 km.","Al milímetro","Acierta a menos de 5 km.","Au millimètre","Vise à moins de 5 km.","Ao milímetro","Acerte a menos de 5 km.","Auf den Millimeter","Triff auf unter 5 km genau.","Al millimetro","Pianta il pin entro 5 km.","Al milímetro","Acierta a menos de 5 km.","分毫不差","落点在 5 公里以内。","밀리미터 단위로","5km 이내에 명중.","ミリ単位で","5km以内に着地。","До миллиметра","Попади в пределах 5 км.","Co do milimetra","Traf w promieniu 5 km."
q_1000,0,icons/q_1000.jpg,icons/q_1000_locked.jpg,"Cartographer","1,000 questions answered.","Cartógrafo","1.000 preguntas respondidas.","Cartographe","1 000 réponses données.","Cartógrafo","1.000 perguntas respondidas.","Kartograf","1.000 Fragen beantwortet.","Cartografo","Rispondi a 1.000 domande.","Cartógrafo","1.000 preguntas respondidas.","制图师","回答了 1000 道题。","지도 제작자","1,000개의 문제에 답했습니다.","地図製作者","1,000問に回答。","Картограф","Отвечено на 1000 вопросов.","Kartograf","1000 odpowiedzi."
adv_runs10,0,icons/adv_runs10.jpg,icons/adv_runs10_locked.jpg,"Veteran","Start 10 expeditions.","Curtido","Empieza 10 expediciones.","Vétéran","Commence 10 expéditions.","Veterano","Comece 10 expedições.","Veteran","Starte 10 Expeditionen.","Veterano","Inizia 10 spedizioni.","Veterano","Empieza 10 expediciones.","老手","开始 10 次远征。","베테랑","원정을 10번 시작하세요.","ベテラン","遠征を10回始めよう。","Ветеран","Начни 10 экспедиций.","Weteran","Rozpocznij 10 wypraw."
codex_500,0,icons/codex_500.jpg,icons/codex_500_locked.jpg,"Encyclopedist","Collect 500 Encyclopedia cards.","Enciclopedista","Consigue 500 tarjetas de la Enciclopedia.","Encyclopédiste","Obtiens 500 cartes de l'Encyclopédie.","Enciclopedista","Consiga 500 cartas da Enciclopédia.","Enzyklopädist","Sammle 500 Enzyklopädie-Karten.","Enciclopedista","Ottieni 500 carte dell'Enciclopedia.","Enciclopedista","Consigue 500 tarjetas de la Enciclopedia.","百科全书编纂者","获得 500 张百科全书卡片。","백과사전 편찬자","도감 카드 500장 모으기.","百科事典編纂者","図鑑カードを500枚集める。","Энциклопедист","Собери 500 карточек энциклопедии.","Encyklopedysta","Zdobądź 500 kart Encyklopedii."
classic_flags,0,icons/classic_flags.jpg,icons/classic_flags_locked.jpg,"Standard-bearer","Finish Flags.","Abanderado","Termina Banderas.","Porte-drapeau","Termine la campagne Drapeaux.","Porta-bandeira","Termine Bandeiras.","Fahnenträger","Beende Flaggen.","Portabandiera","Termina Bandiere.","Abanderado","Termina Banderas.","旗手","完成“国旗”。","기수","국기를 완료하세요.","旗手","「国旗」を完了しよう。","Знаменосец","Заверши «Флаги».","Chorąży","Ukończ Flagi."
classic_clues,0,icons/classic_clues.jpg,icons/classic_clues_locked.jpg,"Sleuth","Finish Clues.","Detective","Termina Pistas.","Détective","Termine la campagne Indices.","Detetive","Termine Pistas.","Spürnase","Beende Hinweise.","Detective","Termina Indizi.","Detective","Termina Pistas.","侦探","完成“线索”。","탐정","단서를 완료하세요.","名探偵","「ヒント」を完了しよう。","Сыщик","Заверши «Подсказки».","Detektyw","Ukończ Wskazówki."
classic_events,0,icons/classic_events.jpg,icons/classic_events_locked.jpg,"Witness to history","Finish Historic Events.","Testigo de la historia","Termina Eventos históricos.","Témoin de l'histoire","Termine la campagne Événements historiques.","Testemunha da história","Termine Eventos históricos.","Zeitzeuge","Beende Historische Ereignisse.","Testimone della storia","Termina Eventi storici.","Testigo de la historia","Termina Eventos históricos.","历史见证者","完成“历史事件”。","역사의 증인","역사적 사건을 완료하세요.","歴史の目撃者","「歴史的な出来事」を完了しよう。","Свидетель истории","Заверши «Исторические события».","Świadek historii","Ukończ Wydarzenia historyczne."
classic_people,0,icons/classic_people.jpg,icons/classic_people_locked.jpg,"Biographer","Finish Historical Figures.","Biógrafo","Termina Personajes históricos.","Biographe","Termine la campagne Personnages historiques.","Biógrafo","Termine Personagens históricos.","Biograf","Beende Historische Persönlichkeiten.","Biografo","Termina Personaggi storici.","Biógrafo","Termina Personajes históricos.","传记作家","完成“历史人物”。","전기 작가","역사 인물을 완료하세요.","伝記作家","「歴史上の人物」を完了しよう。","Биограф","Заверши «Исторические личности».","Biograf","Ukończ Postacie historyczne."
codex_strait,0,icons/codex_strait.jpg,icons/codex_strait_locked.jpg,"Narrow passage","Collect 8 straits or capes in the Encyclopedia.","Paso estrecho","Consigue 8 estrechos o cabos en la Enciclopedia.","Passage étroit","Obtiens 8 détroits ou caps dans l'Encyclopédie.","Passagem estreita","Consiga 8 estreitos ou cabos na Enciclopédia.","Enge Durchfahrt","Sammle 8 Meerengen oder Kaps in der Enzyklopädie.","Passaggio stretto","Ottieni 8 stretti o capi nell'Enciclopedia.","Paso estrecho","Consigue 8 estrechos o cabos en la Enciclopedia.","狭窄水道","在百科全书中收集 8 个海峡或海角。","좁은 해협","도감에 해협 또는 곶 8곳 모으기.","狭き水路","図鑑に海峡・岬を8件集める。","Узкий проход","Собери 8 проливов или мысов в энциклопедии.","Wąskie przejście","Zdobądź 8 cieśnin lub przylądków w Encyklopedii."
streak_20,0,icons/streak_20.jpg,icons/streak_20_locked.jpg,"Eruption","20-hit streak.","Erupción","Racha de 20 aciertos.","Éruption","Série de 20 réussites.","Erupção","Sequência de 20 acertos.","Ausbruch","Serie von 20 Treffern.","Eruzione","Serie di 20 colpi.","Erupción","Racha de 20 aciertos.","喷发","连续命中 20 次。","폭발","20연속 명중.","噴火","20連続ヒット。","Извержение","Серия из 20 попаданий.","Erupcja","Seria 20 trafień."
adv_win,0,icons/adv_win.jpg,icons/adv_win_locked.jpg,"Terra Incognita","Complete Act III and win the expedition.","Terra Incognita","Completa el Acto III y gana la expedición.","Terra Incognita","Termine l'Acte III et gagne l'expédition.","Terra Incognita","Complete o Ato III e vença a expedição.","Terra Incognita","Schließe Akt III ab und gewinne die Expedition.","Terra Incognita","Completa l'Atto III e vinci la spedizione.","Terra Incognita","Completa el Acto III y gana la expedición.","未知之地","完成第三幕并赢得远征。","테라 인코그니타","3막을 완료하고 원정에서 승리하세요.","テラ・インコグニタ","第3幕を完了して遠征に勝利しよう。","Terra Incognita","Заверши Акт III и выиграй экспедицию.","Terra Incognita","Ukończ Akt III i wygraj wyprawę."
adv_asc,0,icons/adv_asc.jpg,icons/adv_asc_locked.jpg,"Ascension","Win an expedition at Ascension 1 or higher.","Ascensión","Gana una expedición en Ascensión 1 o más.","Ascension","Gagne une expédition en Ascension 1 ou plus.","Ascensão","Vença uma expedição na Ascensão 1 ou mais.","Aufstieg","Gewinne eine Expedition ab Aufstieg 1.","Ascensione","Vinci una spedizione all'Ascensione 1 o superiore.","Ascensión","Gana una expedición en Ascensión 1 o superior.","进阶","在进阶 1 级或以上赢得远征。","어센션","어센션 1 이상에서 원정에서 승리하세요.","アセンション","アセンション1以上で遠征に勝利しよう。","Восхождение","Выиграй экспедицию на Восхождении 1 или выше.","Wniebowstąpienie","Wygraj wyprawę na Wniebowstąpieniu 1 lub wyższym."
classic_gold1,0,icons/classic_gold1.jpg,icons/classic_gold1_locked.jpg,"First gold","Earn your first Classic gold medal.","Oro a la vista","Consigue tu primera medalla de oro en el Clásico.","Premier or","Obtiens ta première médaille d'or au Classique.","Primeiro ouro","Conquiste sua primeira medalha de ouro no Clássico.","Erstes Gold","Hol deine erste Goldmedaille im Klassik-Modus.","Primo oro","Ottieni la tua prima medaglia d'oro nel Classico.","Oro a la vista","Consigue tu primera medalla de oro en el Clásico.","首枚金牌","在经典模式中获得第一枚金牌。","첫 금메달","클래식에서 첫 금메달을 획득하세요.","初めての金","クラシックで初めての金メダルを獲得しよう。","Первое золото","Получи первую золотую медаль в классике.","Pierwsze złoto","Zdobądź pierwszy złoty medal w trybie Klasycznym."
bull_100,0,icons/bull_100.jpg,icons/bull_100_locked.jpg,"Hawk eye","100 bullseyes in total.","Ojo de halcón","100 dianas en total.","Œil de faucon","Mets dans le mille 100 fois au total.","Olho de falcão","100 tiros na mosca no total.","Falkenauge","100 Volltreffer insgesamt.","Occhio di falco","100 centri in totale.","Ojo de halcón","100 blancos perfectos en total.","鹰眼","累计正中靶心 100 次。","매의 눈","총 100번 명중.","鷹の目","合計100回命中。","Соколиный глаз","Всего 100 яблочек.","Sokole oko","Łącznie 100 dziesiątek."
adv_endless,0,icons/adv_endless.jpg,icons/adv_endless_locked.jpg,"Legend","Survive 25 questions in infinite mode.","Leyenda","Aguanta 25 preguntas en el modo infinito.","Légende","Tiens bon pendant 25 questions en mode infini.","Lenda","Aguente 25 perguntas no modo infinito.","Legende","Überstehe 25 Fragen im Endlosmodus.","Leggenda","Resisti per 25 domande in modalità infinita.","Leyenda","Aguanta 25 preguntas en el modo infinito.","传说","在无尽模式中坚持答完 25 道题。","레전드","무한 모드에서 25문제를 버티세요.","レジェンド","エンドレスモードで25問を耐え抜こう。","Легенда","Продержись 25 вопросов в бесконечном режиме.","Legenda","Przetrwaj 25 pytań w trybie nieskończonym."
adv_fullhouse,0,icons/adv_fullhouse.jpg,icons/adv_fullhouse_locked.jpg,"Clean sweep","5 bullseyes in a single Adventure round.","Pleno","5 dianas en una misma ronda de la Aventura.","Carton plein","Mets dans le mille 5 fois dans une même manche de l'Aventure.","Gabarito","5 tiros na mosca em uma mesma rodada da Aventura.","Abgeräumt","5 Volltreffer in einer einzigen Abenteuer-Runde.","Filotto","5 centri in un solo round dell'Avventura.","Pleno","5 blancos perfectos en una misma ronda de Aventura.","五发全中","在同一个冒险回合中正中靶心 5 次。","싹쓸이","모험 한 라운드에서 명중 5번.","全弾命中","アドベンチャーの1ラウンドで5回命中。","Всё в яблочко","5 яблочек за один раунд Приключения.","Komplet","5 dziesiątek w jednej rundzie Przygody."
adv_legendary,0,icons/adv_legendary.jpg,icons/adv_legendary_locked.jpg,"Legendary loot","Get a legendary relic from a boss chest.","Botín legendario","Consigue una reliquia legendaria en un cofre de jefe.","Butin légendaire","Obtiens une relique légendaire dans un coffre du boss.","Espólio lendário","Consiga uma relíquia lendária em um baú do chefe.","Legendäre Beute","Erhalte ein legendäres Relikt aus einer Boss-Truhe.","Bottino leggendario","Ottieni una reliquia leggendaria da un forziere del boss.","Botín legendario","Consigue una reliquia legendaria en un cofre de jefe.","传说战利品","从首领宝箱中获得一件传说遗物。","전설의 전리품","보스 상자에서 전설 유물을 얻으세요.","伝説の戦利品","ボスの宝箱から伝説のレリックを手に入れよう。","Легендарная добыча","Получи легендарную реликвию из сундука босса.","Legendarny łup","Zdobądź legendarny relikt ze skrzyni bossa."
codex_1000,0,icons/codex_1000.jpg,icons/codex_1000_locked.jpg,"Librarian","Collect 1,000 Encyclopedia cards.","Bibliotecario","Consigue 1.000 tarjetas de la Enciclopedia.","Bibliothécaire","Obtiens 1 000 cartes de l'Encyclopédie.","Bibliotecário","Consiga 1.000 cartas da Enciclopédia.","Bibliothekar","Sammle 1.000 Enzyklopädie-Karten.","Bibliotecario","Ottieni 1.000 carte dell'Enciclopedia.","Bibliotecario","Consigue 1.000 tarjetas de la Enciclopedia.","图书管理员","获得 1,000 张百科全书卡片。","사서","도감 카드 1,000장 모으기.","司書","図鑑カードを1,000枚集める。","Библиотекарь","Собери 1000 карточек энциклопедии.","Bibliotekarz","Zdobądź 1000 kart Encyklopedii."
adv_score100k,0,icons/adv_score100k.jpg,icons/adv_score100k_locked.jpg,"Jackpot","100,000 points in a single expedition.","Premio gordo","100.000 puntos en una sola expedición.","Jackpot","100 000 points en une seule expédition.","Bolada","100.000 pontos em uma única expedição.","Jackpot","100.000 Punkte in einer einzigen Expedition.","Jackpot","100.000 punti in una sola spedizione.","Premio mayor","100.000 puntos en una sola expedición.","头奖","单次远征获得 100,000 分。","잭팟","한 번의 원정에서 100,000점.","ジャックポット","1回の遠征で100,000ポイント。","Джекпот","100 000 очков за одну экспедицию.","Jackpot","100 000 punktów w jednej wyprawie."
adv_rich2,0,icons/adv_rich2.jpg,icons/adv_rich2_locked.jpg,"High roller","Hold 100 doubloons at once.","Altas apuestas","Ten 100 doblones a la vez.","Flambeur","Possède 100 doublons à la fois.","Apostador de peso","Tenha 100 dobrões ao mesmo tempo.","High Roller","Besitze 100 Dublonen gleichzeitig.","Giocatore d'alto bordo","Possiedi 100 dobloni insieme.","Altas apuestas","Ten 100 doblones a la vez.","豪赌客","同时持有 100 枚金币。","하이 롤러","동시에 도블론 100개를 보유하세요.","ハイローラー","同時にダブロンを100枚保持しよう。","Хайроллер","Накопи 100 дублонов.","Gruba ryba","Miej naraz 100 dublonów."
speed_master,0,icons/speed_master.jpg,icons/speed_master_locked.jpg,"Dealer reflexes","Nail it almost perfectly in under 1 second.","Reflejos de crupier","Acierta muy bien en menos de 1 segundo.","Réflexes de croupier","Vise presque dans le mille en moins d'une seconde.","Reflexos de crupiê","Acerte quase perfeitamente em menos de 1 segundo.","Croupier-Reflexe","Triff fast perfekt in unter 1 Sekunde.","Riflessi da croupier","Centra quasi alla perfezione in meno di 1 secondo.","Reflejos de crupier","Acierta muy bien en menos de 1 segundo.","荷官般的反应","在 1 秒内近乎完美地命中。","딜러의 반사신경","1초 이내에 거의 완벽하게 명중하세요.","ディーラーの反射神経","1秒以内にほぼ完璧に命中させよう。","Рефлексы крупье","Попади почти идеально меньше чем за секунду.","Refleks krupiera","Traf niemal idealnie w mniej niż sekundę."
classic_all,0,icons/classic_all.jpg,icons/classic_all_locked.jpg,"Classic master","Finish every Classic campaign.","Maestro del Clásico","Termina todas las campañas del Clásico.","Maître du Classique","Termine toutes les campagnes du Classique.","Mestre do Clássico","Termine todas as campanhas do Clássico.","Klassik-Meister","Beende alle Klassik-Kampagnen.","Maestro del Classico","Termina tutte le campagne del Classico.","Maestro Clásico","Termina todas las campañas del Clásico.","经典大师","完成所有经典战役。","클래식 마스터","모든 클래식 캠페인을 완료하세요.","クラシックマスター","クラシックのキャンペーンをすべて完了しよう。","Мастер классики","Заверши все кампании классики.","Mistrz klasyki","Ukończ wszystkie kampanie Klasyczne."
casino_tour,0,icons/casino_tour.jpg,icons/casino_tour_locked.jpg,"Casino tour","Play all 8 casino games.","Gira del casino","Juega los 8 juegos del casino.","Tournée du casino","Joue aux 8 jeux du casino.","Tour pelo cassino","Jogue os 8 jogos do cassino.","Casino-Rundgang","Spiel alle 8 Casino-Spiele.","Giro del casinò","Gioca a tutti gli 8 giochi del casinò.","Gira del casino","Juega los 8 juegos del casino.","赌场巡游","玩遍全部 8 个赌场游戏。","카지노 투어","카지노 게임 8종을 모두 플레이하세요.","カジノ巡り","カジノの全8ゲームを遊ぼう。","Тур по казино","Сыграй во все 8 игр казино.","Kasynowe tournée","Zagraj we wszystkie 8 gier w kasynie."
codex_sa,0,icons/codex_sa.jpg,icons/codex_sa_locked.jpg,"South America, top to bottom","Unlock every South America card.","Sudamérica de norte a sur","Desbloquea todas las tarjetas de Sudamérica.","L'Amérique du Sud de haut en bas","Débloque toutes les cartes d'Amérique du Sud.","América do Sul de norte a sul","Desbloqueie todas as cartas da América do Sul.","Südamerika von Nord bis Süd","Schalte alle Karten Südamerikas frei.","Sudamerica da nord a sud","Sblocca tutte le carte del Sudamerica.","Sudamérica de norte a sur","Desbloquea todas las tarjetas de Sudamérica.","纵贯南美","解锁南美洲的全部卡片。","남아메리카 종단","남아메리카 카드를 모두 해금하세요.","南米縦断","南アメリカのカードをすべて解放しよう。","Южная Америка от края до края","Открой все карточки Южной Америки.","Ameryka Południowa od góry do dołu","Odblokuj wszystkie karty Ameryki Południowej."
codex_oc,0,icons/codex_oc.jpg,icons/codex_oc_locked.jpg,"Every island","Unlock every Oceania card.","Todas las islas","Desbloquea todas las tarjetas de Oceanía.","Toutes les îles","Débloque toutes les cartes d'Océanie.","Todas as ilhas","Desbloqueie todas as cartas da Oceania.","Jede Insel","Schalte alle Karten Ozeaniens frei.","Tutte le isole","Sblocca tutte le carte dell'Oceania.","Todas las islas","Desbloquea todas las tarjetas de Oceanía.","岛屿全收","解锁大洋洲的全部卡片。","모든 섬","오세아니아 카드를 모두 해금하세요.","すべての島","オセアニアのカードをすべて解放しよう。","Все острова","Открой все карточки Океании.","Wszystkie wyspy","Odblokuj wszystkie karty Oceanii."
q_5000,0,icons/q_5000.jpg,icons/q_5000_locked.jpg,"Geographer","5,000 questions answered.","Geógrafo","5.000 preguntas respondidas.","Géographe","5 000 réponses données.","Geógrafo","5.000 perguntas respondidas.","Geograf","5.000 Fragen beantwortet.","Geografo","Rispondi a 5.000 domande.","Geógrafo","5.000 preguntas respondidas.","地理学家","回答了 5000 道题。","지리학자","5,000개의 문제에 답했습니다.","地理学者","5,000問に回答。","Географ","Отвечено на 5000 вопросов.","Geograf","5000 odpowiedzi."
classic_gold5,0,icons/classic_gold5.jpg,icons/classic_gold5_locked.jpg,"Gold rush","Gold medal in 5 Classic campaigns.","Cinco de oros","Medalla de oro en 5 campañas del Clásico.","Ruée vers l'or","Médaille d'or dans 5 campagnes du Classique.","Corrida do ouro","Medalha de ouro em 5 campanhas do Clássico.","Goldrausch","Goldmedaille in 5 Klassik-Kampagnen.","Corsa all'oro","Medaglia d'oro in 5 campagne del Classico.","Cinco de oros","Medalla de oro en 5 campañas del Clásico.","淘金热","在 5 场经典战役中获得金牌。","골드 러시","클래식 캠페인 5개에서 금메달.","ゴールドラッシュ","クラシックの5キャンペーンで金メダル。","Золотая лихорадка","Золото в 5 кампаниях классики.","Gorączka złota","Złoty medal w 5 kampaniach Klasycznych."
adv_asc2,0,icons/adv_asc2.jpg,icons/adv_asc2_locked.jpg,"Ascension II","Win an expedition at Ascension 2 or higher.","Ascensión II","Gana una expedición en Ascensión 2 o más.","Ascension II","Gagne une expédition en Ascension 2 ou plus.","Ascensão II","Vença uma expedição na Ascensão 2 ou mais.","Aufstieg II","Gewinne eine Expedition ab Aufstieg 2.","Ascensione II","Vinci una spedizione all'Ascensione 2 o superiore.","Ascensión II","Gana una expedición en Ascensión 2 o más.","进阶 II","在进阶 2 级或以上赢得远征。","어센션 II","어센션 2 이상에서 원정에서 승리하세요.","アセンションII","アセンション2以上で遠征に勝利しよう。","Восхождение II","Выиграй экспедицию на Восхождении 2 или выше.","Wniebowstąpienie II","Wygraj wyprawę na Wniebowstąpieniu 2 lub wyższym."
adv_asc3,0,icons/adv_asc3.jpg,icons/adv_asc3_locked.jpg,"Ascension III","Win an expedition at Ascension 3 or higher.","Ascensión III","Gana una expedición en Ascensión 3 o más.","Ascension III","Gagne une expédition en Ascension 3 ou plus.","Ascensão III","Vença uma expedição na Ascensão 3 ou mais.","Aufstieg III","Gewinne eine Expedition ab Aufstieg 3.","Ascensione III","Vinci una spedizione all'Ascensione 3 o superiore.","Ascensión III","Gana una expedición en Ascensión 3 o más.","进阶 III","在进阶 3 级或以上赢得远征。","어센션 III","어센션 3 이상에서 원정에서 승리하세요.","アセンションIII","アセンション3以上で遠征に勝利しよう。","Восхождение III","Выиграй экспедицию на Восхождении 3 или выше.","Wniebowstąpienie III","Wygraj wyprawę na Wniebowstąpieniu 3 lub wyższym."
adv_flawless3,0,icons/adv_flawless3.jpg,icons/adv_flawless3_locked.jpg,"Flawless legend","Complete Act III without losing a provision.","Leyenda intachable","Completa el Acto III sin perder provisiones.","Légende sans faute","Termine l'Acte III sans perdre de provision.","Lenda impecável","Complete o Ato III sem perder provisões.","Makellose Legende","Schließe Akt III ab, ohne Proviant zu verlieren.","Leggenda impeccabile","Completa l'Atto III senza perdere provviste.","Leyenda intachable","Completa el Acto III sin perder provisiones.","完美传说","完成第三幕而不损失任何补给。","무결점 레전드","식량을 잃지 않고 3막을 완료하세요.","完璧な伝説","食料を失わずに第3幕を完了しよう。","Безупречная легенда","Пройди Акт III, не потеряв ни одного запаса.","Nieskazitelna legenda","Ukończ Akt III bez utraty zapasów."
daily_30,0,icons/daily_30.jpg,icons/daily_30_locked.jpg,"Daily ritual","Play the Daily challenge on 30 different days.","Ritual diario","Juega el Reto diario 30 días distintos.","Rituel quotidien","Joue le Défi quotidien 30 jours différents.","Ritual diário","Jogue o Desafio diário em 30 dias diferentes.","Tägliches Ritual","Spiele die Tagesherausforderung an 30 verschiedenen Tagen.","Rituale quotidiano","Gioca la sfida giornaliera in 30 giorni diversi.","Ritual diario","Juega el Reto diario 30 días distintos.","每日仪式","在 30 个不同的日子玩每日挑战。","매일의 의식","서로 다른 30일에 일일 도전을 플레이하세요.","毎日の儀式","デイリーチャレンジを別々の30日にプレイしよう。","Ежедневный ритуал","Сыграй в Испытание дня в 30 разных дней.","Codzienny rytuał","Zagraj w Wyzwanie dnia w 30 różnych dni."
codex_country,0,icons/codex_country.jpg,icons/codex_country_locked.jpg,"Full passport","190 countries in the Encyclopedia.","Pasaporte completo","190 países en la Enciclopedia.","Passeport plein","190 pays dans l'Encyclopédie.","Passaporte cheio","190 países na Enciclopédia.","Voller Reisepass","190 Länder in der Enzyklopädie.","Passaporto pieno","190 paesi nell'Enciclopedia.","Pasaporte completo","190 países en la Enciclopedia.","盖满章的护照","百科全书中收录 190 个国家。","도장 가득한 여권","도감에 국가 190개.","スタンプだらけのパスポート","図鑑に国を190件。","Весь паспорт в штампах","190 стран в энциклопедии.","Pełny paszport","190 krajów w Encyklopedii."
adv_asc4,0,icons/adv_asc4.jpg,icons/adv_asc4_locked.jpg,"Ascension IV","Win an expedition at Ascension 4 or higher.","Ascensión IV","Gana una expedición en Ascensión 4 o más.","Ascension IV","Gagne une expédition en Ascension 4 ou plus.","Ascensão IV","Vença uma expedição na Ascensão 4 ou mais.","Aufstieg IV","Gewinne eine Expedition ab Aufstieg 4.","Ascensione IV","Vinci una spedizione all'Ascensione 4 o superiore.","Ascensión IV","Gana una expedición en Ascensión 4 o más.","进阶 IV","在进阶 4 级或以上赢得远征。","어센션 IV","어센션 4 이상에서 원정에서 승리하세요.","アセンションIV","アセンション4以上で遠征に勝利しよう。","Восхождение IV","Выиграй экспедицию на Восхождении 4 или выше.","Wniebowstąpienie IV","Wygraj wyprawę na Wniebowstąpieniu 4 lub wyższym."
bull_500,0,icons/bull_500.jpg,icons/bull_500_locked.jpg,"Map legend","500 bullseyes in total.","Leyenda del mapa","500 dianas en total.","Légende de la carte","Mets dans le mille 500 fois au total.","Lenda do mapa","500 tiros na mosca no total.","Kartenlegende","500 Volltreffer insgesamt.","Leggenda della mappa","500 centri in totale.","Leyenda del mapa","500 blancos perfectos en total.","地图传奇","累计正中靶心 500 次。","지도의 전설","총 500번 명중.","地図の伝説","合計500回命中。","Легенда карты","Всего 500 яблочек.","Legenda mapy","Łącznie 500 dziesiątek."
streak_50,0,icons/streak_50.jpg,icons/streak_50_locked.jpg,"Invincible","50-hit streak.","Invencible","Racha de 50 aciertos.","Invincible","Série de 50 réussites.","Invencível","Sequência de 50 acertos.","Unbesiegbar","Serie von 50 Treffern.","Invincibile","Serie di 50 colpi.","Invencible","Racha de 50 aciertos.","无人能敌","连续命中 50 次。","무적","50연속 명중.","無敵","50連続ヒット。","Непобедимый","Серия из 50 попаданий.","Niezwyciężony","Seria 50 trafień."
adv_endless2,0,icons/adv_endless2.jpg,icons/adv_endless2_locked.jpg,"Myth","Survive 50 questions in infinite mode.","Mito","Aguanta 50 preguntas en el modo infinito.","Mythe","Tiens bon pendant 50 questions en mode infini.","Mito","Aguente 50 perguntas no modo infinito.","Mythos","Überstehe 50 Fragen im Endlosmodus.","Mito","Resisti per 50 domande in modalità infinita.","Mito","Aguanta 50 preguntas en el modo infinito.","神话","在无尽模式中坚持答完 50 道题。","신화","무한 모드에서 50문제를 버티세요.","神話","エンドレスモードで50問を耐え抜こう。","Миф","Продержись 50 вопросов в бесконечном режиме.","Mit","Przetrwaj 50 pytań w trybie nieskończonym."
codex_2500,0,icons/codex_2500.jpg,icons/codex_2500_locked.jpg,"Great Library","Collect 2,500 Encyclopedia cards.","Gran Biblioteca","Consigue 2.500 tarjetas de la Enciclopedia.","Grande Bibliothèque","Obtiens 2 500 cartes de l'Encyclopédie.","Grande Biblioteca","Consiga 2.500 cartas da Enciclopédia.","Große Bibliothek","Sammle 2.500 Enzyklopädie-Karten.","Grande Biblioteca","Ottieni 2.500 carte dell'Enciclopedia.","Gran Biblioteca","Consigue 2.500 tarjetas de la Enciclopedia.","大图书馆","获得 2,500 张百科全书卡片。","대도서관","도감 카드 2,500장 모으기.","大図書館","図鑑カードを2,500枚集める。","Великая библиотека","Собери 2500 карточек энциклопедии.","Wielka Biblioteka","Zdobądź 2500 kart Encyklopedii."
codex_capitals_all,0,icons/codex_capitals_all.jpg,icons/codex_capitals_all_locked.jpg,"Ambassador","Every world capital in the Encyclopedia.","Embajador","Todas las capitales del mundo en la Enciclopedia.","Ambassadeur","Toutes les capitales du monde dans l'Encyclopédie.","Embaixador","Todas as capitais do mundo na Enciclopédia.","Botschafter","Alle Hauptstädte der Welt in der Enzyklopädie.","Ambasciatore","Tutte le capitali del mondo nell'Enciclopedia.","Embajador","Todas las capitales del mundo en la Enciclopedia.","大使","百科全书中收录世界上所有首都。","대사","도감에 세계의 모든 수도.","大使","図鑑に世界のすべての首都。","Посол","Все столицы мира в энциклопедии.","Ambasador","Wszystkie stolice świata w Encyklopedii."
adv_wins10,0,icons/adv_wins10.jpg,icons/adv_wins10_locked.jpg,"House regular","Win 10 expeditions.","Habitual de la casa","Gana 10 expediciones.","Habitué de la maison","Gagne 10 expéditions.","Freguês da casa","Vença 10 expedições.","Stammgast","Gewinne 10 Expeditionen.","Cliente abituale","Vinci 10 spedizioni.","Habitual de la casa","Gana 10 expediciones.","赌场常客","赢得 10 次远征。","단골손님","원정에서 10번 승리하세요.","常連客","遠征に10回勝利しよう。","Завсегдатай","Выиграй 10 экспедиций.","Stały bywalec","Wygraj 10 wypraw."
adv_blindwin,0,icons/adv_blindwin.jpg,icons/adv_blindwin_locked.jpg,"Blind faith","Win an expedition with the Blind adventurer deck.","Fe ciega","Gana una expedición con la baraja Aventurero ciego.","Foi aveugle","Gagne une expédition avec le paquet Aventurier aveugle.","Fé cega","Vença uma expedição com o baralho Aventureiro cego.","Blinder Glaube","Gewinne eine Expedition mit dem Deck Blinder Abenteurer.","Fede cieca","Vinci una spedizione con il mazzo Avventuriero cieco.","Fe ciega","Gana una expedición con la baraja Aventurero ciego.","盲目的信念","使用“盲眼冒险者”套牌赢得一次远征。","맹목적인 믿음","눈먼 모험가 덱으로 원정에서 승리하세요.","盲信","「盲目の冒険者」デッキで遠征に勝利しよう。","Слепая вера","Выиграй экспедицию с колодой «Слепой авантюрист».","Ślepa wiara","Wygraj wyprawę talią Ślepy awanturnik."
adv_alldecks,0,icons/adv_alldecks.jpg,icons/adv_alldecks_locked.jpg,"Four suits","Win an expedition with each of the 4 decks.","Cuatro palos","Gana una expedición con cada una de las 4 barajas.","Quatre couleurs","Gagne une expédition avec chacun des 4 paquets.","Quatro naipes","Vença uma expedição com cada um dos 4 baralhos.","Vier Farben","Gewinne mit jedem der 4 Decks eine Expedition.","Quattro semi","Vinci una spedizione con ciascuno dei 4 mazzi.","Cuatro palos","Gana una expedición con cada una de las 4 barajas.","四种花色","用 4 种套牌各赢得一次远征。","네 가지 문양","4가지 덱으로 각각 원정에서 승리하세요.","4つのスート","4つのデッキそれぞれで遠征に勝利しよう。","Четыре масти","Выиграй экспедицию каждой из 4 колод.","Cztery kolory","Wygraj wyprawę każdą z 4 talii."
q_10000,0,icons/q_10000.jpg,icons/q_10000_locked.jpg,"Map sage","10,000 questions answered.","Sabio de los mapas","10.000 preguntas respondidas.","Sage des cartes","10 000 réponses données.","Sábio dos mapas","10.000 perguntas respondidas.","Kartenweiser","10.000 Fragen beantwortet.","Saggio delle mappe","Rispondi a 10.000 domande.","Sabio de los mapas","10.000 preguntas respondidas.","地图智者","回答了 10000 道题。","지도의 현자","10,000개의 문제에 답했습니다.","地図の賢者","10,000問に回答。","Мудрец карт","Отвечено на 10 000 вопросов.","Mędrzec map","10 000 odpowiedzi."
bull_1000,0,icons/bull_1000.jpg,icons/bull_1000_locked.jpg,"Ace shot","1,000 bullseyes in total.","As de diana","1.000 dianas en total.","Tireur d'élite","Mets dans le mille 1 000 fois au total.","Mira de ás","1.000 tiros na mosca no total.","Meisterschütze","1.000 Volltreffer insgesamt.","Tiratore scelto","1.000 centri in totale.","As de la puntería","1.000 blancos perfectos en total.","神射手","累计正中靶心 1000 次。","명사수","총 1,000번 명중.","名射手","合計1,000回命中。","Снайпер","Всего 1000 яблочек.","As strzelców","Łącznie 1000 dziesiątek."
classic_goldall,0,icons/classic_goldall.jpg,icons/classic_goldall_locked.jpg,"Solid gold","Gold medal in every Classic campaign.","Oro puro","Medalla de oro en todas las campañas del Clásico.","Or massif","Médaille d'or dans toutes les campagnes du Classique.","Ouro puro","Medalha de ouro em todas as campanhas do Clássico.","Pures Gold","Goldmedaille in allen Klassik-Kampagnen.","Oro massiccio","Medaglia d'oro in tutte le campagne del Classico.","Oro puro","Medalla de oro en todas las campañas del Clásico.","纯金","在所有经典战役中获得金牌。","순금","모든 클래식 캠페인에서 금메달.","純金","クラシックの全キャンペーンで金メダル。","Чистое золото","Золото во всех кампаниях классики.","Szczere złoto","Złoty medal we wszystkich kampaniach Klasycznych."
codex_all,0,icons/codex_all.jpg,icons/codex_all_locked.jpg,"Completionist","Unlock every card.","Completista","Desbloquea todas las tarjetas.","Complétiste","Débloque toutes les cartes.","Completista","Desbloqueie todas as cartas.","Komplettist","Schalte jede Karte frei.","Completista","Sblocca tutte le carte.","Completista","Desbloquea todas las tarjetas.","全收集达人","解锁所有卡片。","완주자","모든 카드를 잠금 해제하세요.","コンプリート","すべてのカードを解除しよう。","Полная коллекция","Разблокируй все карточки.","Kolekcjoner","Odblokuj wszystkie karty."
casino_banco,0,icons/casino_banco.jpg,icons/casino_banco_locked.jpg,"Private bank","Hold 177 doubloons at once.","Banca privada","Ten 177 doblones a la vez.","Banque privée","Possède 177 doublons en même temps.","Banco privado","Tenha 177 dobrões ao mesmo tempo.","Privatbank","Besitze 177 Dublonen auf einmal.","Banca privata","Possiedi 177 dobloni contemporaneamente.","Banca privada","Ten 177 doblones a la vez.","私人银行","同时持有 177 枚金币。","프라이빗 뱅크","도블론을 한 번에 177개 보유하세요.","プライベートバンク","ダブロンを一度に177枚持とう。","Частный банк","Накопи 177 дублонов одновременно.","Bank prywatny","Miej naraz 177 dublonów."
codex_eu,0,icons/codex_eu.jpg,icons/codex_eu_locked.jpg,"Europe, end to end","Unlock every Europe card.","Europa de cabo a rabo","Desbloquea todas las tarjetas de Europa.","L'Europe de long en large","Débloque toutes les cartes d'Europe.","Europa de ponta a ponta","Desbloqueie todas as cartas da Europa.","Europa von A bis Z","Schalte alle Karten Europas frei.","Europa da cima a fondo","Sblocca tutte le carte dell'Europa.","Europa de cabo a rabo","Desbloquea todas las tarjetas de Europa.","踏遍欧洲","解锁欧洲的全部卡片。","유럽 일주","유럽 카드를 모두 해금하세요.","ヨーロッパ制覇","ヨーロッパのカードをすべて解放しよう。","Европа вдоль и поперёк","Открой все карточки Европы.","Europa wzdłuż i wszerz","Odblokuj wszystkie karty Europy."
codex_as,0,icons/codex_as.jpg,icons/codex_as_locked.jpg,"Asia, coast to coast","Unlock every Asia card.","Asia de punta a punta","Desbloquea todas las tarjetas de Asia.","L'Asie d'un bout à l'autre","Débloque toutes les cartes d'Asie.","Ásia de ponta a ponta","Desbloqueie todas as cartas da Ásia.","Asien von Küste zu Küste","Schalte alle Karten Asiens frei.","Asia da costa a costa","Sblocca tutte le carte dell'Asia.","Asia de punta a punta","Desbloquea todas las tarjetas de Asia.","横跨亚洲","解锁亚洲的全部卡片。","아시아 횡단","아시아 카드를 모두 해금하세요.","アジア横断","アジアのカードをすべて解放しよう。","Азия от моря до моря","Открой все карточки Азии.","Azja od morza do morza","Odblokuj wszystkie karty Azji."
codex_af,0,icons/codex_af.jpg,icons/codex_af_locked.jpg,"Africa unveiled","Unlock every Africa card.","África sin secretos","Desbloquea todas las tarjetas de África.","L'Afrique sans secrets","Débloque toutes les cartes d'Afrique.","África sem segredos","Desbloqueie todas as cartas da África.","Afrika ohne Geheimnisse","Schalte alle Karten Afrikas frei.","Africa senza segreti","Sblocca tutte le carte dell'Africa.","África sin secretos","Desbloquea todas las tarjetas de África.","非洲了如指掌","解锁非洲的全部卡片。","아프리카 완전 정복","아프리카 카드를 모두 해금하세요.","アフリカ踏破","アフリカのカードをすべて解放しよう。","Африка без секретов","Открой все карточки Африки.","Afryka bez tajemnic","Odblokuj wszystkie karty Afryki."
codex_na,0,icons/codex_na.jpg,icons/codex_na_locked.jpg,"North America, complete","Unlock every North America card.","Norteamérica al completo","Desbloquea todas las tarjetas de Norteamérica.","L'Amérique du Nord au complet","Débloque toutes les cartes d'Amérique du Nord.","América do Norte completa","Desbloqueie todas as cartas da América do Norte.","Nordamerika komplett","Schalte alle Karten Nordamerikas frei.","Nordamerica al completo","Sblocca tutte le carte del Nordamerica.","Norteamérica al completo","Desbloquea todas las tarjetas de Norteamérica.","北美全收集","解锁北美洲的全部卡片。","북아메리카 컴플리트","북아메리카 카드를 모두 해금하세요.","北米コンプリート","北アメリカのカードをすべて解放しよう。","Вся Северная Америка","Открой все карточки Северной Америки.","Ameryka Północna w komplecie","Odblokuj wszystkie karty Ameryki Północnej."
marathon,1,icons/marathon.jpg,icons/marathon_locked.jpg,"Marathon","50 questions in one session.","Maratón","50 preguntas en una sesión.","Marathon","50 questions en une session.","Maratona","50 perguntas em uma sessão.","Marathon","50 Fragen in einer Sitzung.","Maratona","50 domande in una sessione.","Maratón","50 preguntas en una sesión.","马拉松","在一局中回答 50 道题。","마라톤","한 세션에서 문제 50개.","マラソン","1セッションで50問。","Марафон","50 вопросов за одну сессию.","Maraton","50 pytań w jednej sesji."
night,1,icons/night.jpg,icons/night_locked.jpg,"Night owl","Play past midnight.","Búho","Juega pasada la medianoche.","Oiseau de nuit","Joue après minuit.","Coruja","Jogue depois da meia-noite.","Nachteule","Spiele nach Mitternacht.","Nottambulo","Gioca dopo mezzanotte.","Ave nocturna","Juega después de medianoche.","夜猫子","在午夜之后游玩。","올빼미형 인간","자정이 넘어서 플레이하세요.","夜型人間","深夜0時以降にプレイしよう。","Полуночник","Играй после полуночи.","Nocny marek","Zagraj po północy."
casino_cero,1,icons/casino_cero.jpg,icons/casino_cero_locked.jpg,"Green zero","Hit green in Red or black and skip an act.","Cero verde","Acierta el verde en Rojo o negro y salta un acto.","Zéro vert","Tombe sur le vert à Rouge ou noir et saute un acte.","Zero verde","Acerte o verde no Vermelho ou preto e pule um ato.","Grüne Null","Triff Grün bei Rot oder Schwarz und überspringe einen Akt.","Zero verde","Becca il verde a Rosso o nero e salta un atto.","Cero verde","Acierta el verde en Rojo o negro y salta un acto.","绿色零","在“红或黑”中押中绿色，跳过一幕。","초록 0","빨강 또는 검정에서 초록을 맞혀 막 하나를 건너뛰세요.","緑のゼロ","赤か黒で緑を当てて、幕をひとつ飛ばそう。","Зелёное зеро","Попади на зелёное в «Красном или чёрном» и пропусти акт.","Zielone zero","Traf zielone w Czerwone czy czarne i przeskocz akt."
casino_canto,1,icons/casino_canto.jpg,icons/casino_canto_locked.jpg,"On its edge","The coin lands on its edge in Coin flip.","De canto","La moneda cae de canto en Moneda al aire.","Sur la tranche","La pièce tombe sur la tranche à Pile ou face.","Em pé","A moeda cai em pé no Cara ou coroa.","Auf der Kante","Die Münze landet beim Münzwurf auf der Kante.","Di taglio","La moneta cade di taglio a Testa o croce.","De canto","La moneda cae de canto en Moneda al aire.","立起来了","在“抛硬币”中让硬币立起来。","세로로 섰다","동전 던지기에서 동전이 세로로 서게 하세요.","縦に立った","コイントスでコインが縦に立つ。","На ребро","В «Орле или решке» монета встаёт на ребро.","Na kancie","W Rzucie monetą moneta staje na kancie."
casino_espacial,1,icons/casino_espacial.jpg,icons/casino_espacial_locked.jpg,"Space mission","Cash out The balloon at ×77 or more.","Misión espacial","Cobra El globo a ×77 o más.","Mission spatiale","Encaisse au Ballon à ×77 ou plus.","Missão espacial","No Balão, cobre a ×77 ou mais.","Weltraummission","Kassiere beim Ballon bei ×77 oder mehr.","Missione spaziale","Incassa alla Mongolfiera a ×77 o più.","Misión espacial","Cobra El globo a ×77 o más.","太空任务","在“热气球”中以 ×77 或更高倍率收钱。","우주 미션","열기구에서 ×77 이상에 챙기세요.","宇宙ミッション","気球で×77以上で受け取ろう。","Космическая миссия","Забери выигрыш в «Воздушном шаре» на ×77 или выше.","Misja kosmiczna","Zainkasuj w Balonie przy ×77 lub więcej."
antipodas,1,icons/antipodas.jpg,icons/antipodas_locked.jpg,"Other side of the world","Answer with more than 15,000 km of error.","Al otro lado del mundo","Responde con más de 15.000 km de error.","À l'autre bout du monde","Réponds avec plus de 15 000 km d'erreur.","Do outro lado do mundo","Responda com mais de 15.000 km de erro.","Am anderen Ende der Welt","Antworte mit mehr als 15.000 km Abweichung.","Dall'altra parte del mondo","Rispondi con più di 15.000 km di errore.","Al otro lado del mundo","Responde con más de 15.000 km de error.","地球另一端","以超过 15,000 公里的误差作答。","지구 반대편","15,000km 넘게 빗나간 답을 하세요.","地球の裏側","15,000km以上外れた答えを出そう。","На другом конце света","Ответь с ошибкой больше 15 000 км.","Na drugim końcu świata","Odpowiedz z błędem ponad 15 000 km."
casino_falso,1,icons/casino_falso.jpg,icons/casino_falso_locked.jpg,"Caught off guard","The dealer slips you a fake achievement.","Con la guardia baja","Don Crupier te cuela un logro falso.","Pris au dépourvu","Le croupier te refile un faux succès.","Guarda baixa","O crupiê te empurra uma conquista falsa.","Kalt erwischt","Der Croupier jubelt dir einen falschen Erfolg unter.","Alla sprovvista","Il croupier ti rifila un obiettivo falso.","Con la guardia baja","Don Crupier te cuela un logro falso.","猝不及防","荷官塞给你一个假成就。","방심은 금물","딜러가 가짜 업적을 슬쩍 건넨다.","油断大敵","ディーラーに偽の実績をつかまされる。","Врасплох","Крупье подсовывает тебе фальшивое достижение.","Z opuszczoną gardą","Krupier podsuwa ci fałszywe osiągnięcie."
adv_ascmax,1,icons/adv_ascmax.jpg,icons/adv_ascmax_locked.jpg,"Retire the dealer","Win an expedition at max Ascension.","Jubila al crupier","Gana una expedición en la Ascensión máxima.","Mets le croupier à la retraite","Gagne une expédition en Ascension maximale.","Aposente o crupiê","Vença uma expedição na Ascensão máxima.","Schick den Croupier in Rente","Gewinne eine Expedition auf höchstem Aufstieg.","Manda in pensione il croupier","Vinci una spedizione all'Ascensione massima.","Jubila al crupier","Gana una expedición en la Ascensión máxima.","让荷官退休","在最高进阶赢得远征。","딜러를 은퇴시켜라","최고 어센션에서 원정에서 승리하세요.","ディーラーを引退させろ","最高アセンションで遠征に勝利しよう。","Отправь крупье на пенсию","Выиграй экспедицию на максимальном Восхождении.","Wyślij krupiera na emeryturę","Wygraj wyprawę na najwyższym Wniebowstąpieniu."
